,State,Divorce and Marriage Rates,value
0,Alabama,2011_Divorce,4.3
918,Alabama,2008_Marriage,8.6
408,Alabama,2003_Divorce,5.2
969,Alabama,2007_Marriage,8.9
1479,Alabama,1990_Marriage,10.6
1020,Alabama,2006_Marriage,9.2
1071,Alabama,2005_Marriage,9.2
306,Alabama,2005_Divorce,4.9
51,Alabama,2010_Divorce,4.4
1122,Alabama,2004_Marriage,9.4
255,Alabama,2006_Divorce,4.9
1173,Alabama,2003_Marriage,9.6
204,Alabama,2007_Divorce,4.5
1224,Alabama,2002_Marriage,9.9
1275,Alabama,2001_Marriage,9.4
153,Alabama,2008_Divorce,4.3
1326,Alabama,2000_Marriage,10.1
1428,Alabama,1995_Marriage,9.8
102,Alabama,2009_Divorce,4.4
1377,Alabama,1999_Marriage,10.8
867,Alabama,2009_Marriage,8.3
459,Alabama,2002_Divorce,5.4
357,Alabama,2004_Divorce,4.9
714,Alabama,1990_Divorce,6.1
612,Alabama,1999_Divorce,5.7
816,Alabama,2010_Marriage,8.2
663,Alabama,1995_Divorce,6.0
510,Alabama,2001_Divorce,5.4
561,Alabama,2000_Divorce,5.5
765,Alabama,2011_Marriage,8.4
307,Alaska,2005_Divorce,4.3
1072,Alaska,2005_Marriage,8.2
715,Alaska,1990_Divorce,5.5
52,Alaska,2010_Divorce,4.7
256,Alaska,2006_Divorce,4.2
1123,Alaska,2004_Marriage,8.5
562,Alaska,2000_Divorce,3.9
1174,Alaska,2003_Marriage,8.1
1276,Alaska,2001_Marriage,8.1
664,Alaska,1995_Divorce,5.0
205,Alaska,2007_Divorce,4.3
154,Alaska,2008_Divorce,4.4
1327,Alaska,2000_Marriage,8.9
1021,Alaska,2006_Marriage,8.2
511,Alaska,2001_Divorce,4.3
460,Alaska,2002_Divorce,4.6
817,Alaska,2010_Marriage,8.0
868,Alaska,2009_Marriage,7.8
1,Alaska,2011_Divorce,4.8
919,Alaska,2008_Marriage,8.4
409,Alaska,2003_Divorce,3.9
766,Alaska,2011_Marriage,7.8
103,Alaska,2009_Divorce,4.4
1225,Alaska,2002_Marriage,8.3
970,Alaska,2007_Marriage,8.5
1480,Alaska,1990_Marriage,10.2
1429,Alaska,1995_Marriage,9.0
358,Alaska,2004_Divorce,4.3
1378,Alaska,1999_Marriage,8.6
613,Alaska,1999_Divorce,5.0
155,Arizona,2008_Divorce,3.8
1277,Arizona,2001_Marriage,7.6
614,Arizona,1999_Divorce,4.6
104,Arizona,2009_Divorce,3.6
1328,Arizona,2000_Marriage,7.5
1226,Arizona,2002_Marriage,6.7
461,Arizona,2002_Divorce,4.8
563,Arizona,2000_Divorce,4.6
869,Arizona,2009_Marriage,5.6
410,Arizona,2003_Divorce,4.4
920,Arizona,2008_Marriage,6.0
512,Arizona,2001_Divorce,4.0
767,Arizona,2011_Marriage,5.7
971,Arizona,2007_Marriage,6.4
359,Arizona,2004_Divorce,4.3
1022,Arizona,2006_Marriage,6.5
716,Arizona,1990_Divorce,6.9
1073,Arizona,2005_Marriage,6.6
818,Arizona,2010_Marriage,5.9
1124,Arizona,2004_Marriage,6.7
257,Arizona,2006_Divorce,4.0
1175,Arizona,2003_Marriage,6.5
206,Arizona,2007_Divorce,4.0
665,Arizona,1995_Divorce,6.2
1379,Arizona,1999_Marriage,8.2
308,Arizona,2005_Divorce,4.2
1430,Arizona,1995_Marriage,8.8
53,Arizona,2010_Divorce,3.5
2,Arizona,2011_Divorce,3.9
1481,Arizona,1990_Marriage,10.0
258,Arkansas,2006_Divorce,5.8
615,Arkansas,1999_Divorce,6.2
768,Arkansas,2011_Marriage,10.4
513,Arkansas,2001_Divorce,6.2
54,Arkansas,2010_Divorce,5.7
1125,Arkansas,2004_Marriage,13.4
666,Arkansas,1995_Divorce,6.3
1176,Arkansas,2003_Marriage,13.4
717,Arkansas,1990_Divorce,6.9
207,Arkansas,2007_Divorce,5.9
1227,Arkansas,2002_Marriage,14.3
564,Arkansas,2000_Divorce,6.4
1278,Arkansas,2001_Marriage,14.3
1329,Arkansas,2000_Marriage,15.4
1431,Arkansas,1995_Marriage,14.4
309,Arkansas,2005_Divorce,6.0
819,Arkansas,2010_Marriage,10.8
1074,Arkansas,2005_Marriage,12.9
156,Arkansas,2008_Divorce,5.5
972,Arkansas,2007_Marriage,12.0
1023,Arkansas,2006_Marriage,12.4
870,Arkansas,2009_Marriage,10.7
1380,Arkansas,1999_Marriage,14.8
3,Arkansas,2011_Divorce,5.3
1482,Arkansas,1990_Marriage,15.3
921,Arkansas,2008_Marriage,10.6
462,Arkansas,2002_Divorce,6.2
411,Arkansas,2003_Divorce,6.0
105,Arkansas,2009_Divorce,5.7
360,Arkansas,2004_Divorce,6.1
1228,California,2002_Marriage,6.2
1483,California,1990_Marriage,7.9
922,California,2008_Marriage,6.7
871,California,2009_Marriage,5.8
208,California,2007_Divorce,
412,California,2003_Divorce,
1279,California,2001_Marriage,6.5
565,California,2000_Divorce,
718,California,1990_Divorce,4.3
1024,California,2006_Marriage,6.3
514,California,2001_Divorce,
1126,California,2004_Marriage,6.4
55,California,2010_Divorce,
973,California,2007_Marriage,6.2
463,California,2002_Divorce,
769,California,2011_Marriage,5.8
1075,California,2005_Marriage,6.4
157,California,2008_Divorce,
361,California,2004_Divorce,
310,California,2005_Divorce,
820,California,2010_Marriage,5.8
1177,California,2003_Marriage,6.1
259,California,2006_Divorce,
616,California,1999_Divorce,
106,California,2009_Divorce,
1432,California,1995_Marriage,6.3
1330,California,2000_Marriage,5.8
667,California,1995_Divorce,
1381,California,1999_Marriage,6.4
4,California,2011_Divorce,
311,Colorado,2005_Divorce,4.4
56,Colorado,2010_Divorce,4.3
1280,Colorado,2001_Marriage,8.2
872,Colorado,2009_Marriage,6.9
566,Colorado,2000_Divorce,4.7
1331,Colorado,2000_Marriage,8.3
1382,Colorado,1999_Marriage,8.2
974,Colorado,2007_Marriage,7.1
821,Colorado,2010_Marriage,6.9
1229,Colorado,2002_Marriage,8.0
1178,Colorado,2003_Marriage,7.8
617,Colorado,1999_Divorce,4.8
209,Colorado,2007_Divorce,4.4
1025,Colorado,2006_Marriage,7.2
362,Colorado,2004_Divorce,4.4
107,Colorado,2009_Divorce,4.3
464,Colorado,2002_Divorce,4.7
1076,Colorado,2005_Marriage,7.6
260,Colorado,2006_Divorce,4.5
719,Colorado,1990_Divorce,5.5
1433,Colorado,1995_Marriage,9.0
5,Colorado,2011_Divorce,4.4
1127,Colorado,2004_Marriage,7.4
923,Colorado,2008_Marriage,7.4
158,Colorado,2008_Divorce,4.3
515,Colorado,2001_Divorce,4.7
1484,Colorado,1990_Marriage,9.8
770,Colorado,2011_Marriage,7.0
413,Colorado,2003_Divorce,4.3
668,Colorado,1995_Divorce,
261,Connecticut,2006_Divorce,3.1
822,Connecticut,2010_Marriage,5.6
1434,Connecticut,1995_Marriage,6.6
975,Connecticut,2007_Marriage,5.5
414,Connecticut,2003_Divorce,3.2
1179,Connecticut,2003_Marriage,5.5
210,Connecticut,2007_Divorce,3.2
618,Connecticut,1999_Divorce,3.0
771,Connecticut,2011_Marriage,5.5
1026,Connecticut,2006_Marriage,5.5
108,Connecticut,2009_Divorce,3.0
363,Connecticut,2004_Divorce,3.1
1128,Connecticut,2004_Marriage,5.8
465,Connecticut,2002_Divorce,3.3
6,Connecticut,2011_Divorce,3.1
1230,Connecticut,2002_Marriage,5.7
516,Connecticut,2001_Divorce,3.2
720,Connecticut,1990_Divorce,3.2
924,Connecticut,2008_Marriage,5.4
873,Connecticut,2009_Marriage,5.9
1077,Connecticut,2005_Marriage,5.8
1281,Connecticut,2001_Marriage,5.4
1485,Connecticut,1990_Marriage,7.9
57,Connecticut,2010_Divorce,2.9
312,Connecticut,2005_Divorce,3.0
669,Connecticut,1995_Divorce,2.9
1332,Connecticut,2000_Marriage,5.7
159,Connecticut,2008_Divorce,3.4
1383,Connecticut,1999_Marriage,5.8
567,Connecticut,2000_Divorce,3.3
721,Delaware,1990_Divorce,4.4
7,Delaware,2011_Divorce,3.6
313,Delaware,2005_Divorce,3.8
1129,Delaware,2004_Marriage,6.1
772,Delaware,2011_Marriage,5.2
1078,Delaware,2005_Marriage,5.9
517,Delaware,2001_Divorce,3.9
58,Delaware,2010_Divorce,3.5
262,Delaware,2006_Divorce,3.8
1027,Delaware,2006_Marriage,5.9
1180,Delaware,2003_Marriage,6.0
823,Delaware,2010_Marriage,5.2
109,Delaware,2009_Divorce,3.6
670,Delaware,1995_Divorce,5.0
466,Delaware,2002_Divorce,3.5
415,Delaware,2003_Divorce,3.9
1435,Delaware,1995_Marriage,7.3
160,Delaware,2008_Divorce,3.5
1486,Delaware,1990_Marriage,8.4
925,Delaware,2008_Marriage,5.5
874,Delaware,2009_Marriage,5.4
1282,Delaware,2001_Marriage,6.5
1384,Delaware,1999_Marriage,6.7
568,Delaware,2000_Divorce,3.9
1231,Delaware,2002_Marriage,6.4
1333,Delaware,2000_Marriage,6.5
976,Delaware,2007_Marriage,5.7
364,Delaware,2004_Divorce,3.7
211,Delaware,2007_Divorce,3.7
619,Delaware,1999_Divorce,4.5
1028,District of Columbia,2006_Marriage,4.0
518,District of Columbia,2001_Divorce,2.9
161,District of Columbia,2008_Divorce,2.7
773,District of Columbia,2011_Marriage,8.7
722,District of Columbia,1990_Divorce,4.5
1079,District of Columbia,2005_Marriage,4.1
620,District of Columbia,1999_Divorce,3.6
416,District of Columbia,2003_Divorce,2.0
263,District of Columbia,2006_Divorce,2.1
212,District of Columbia,2007_Divorce,1.7
926,District of Columbia,2008_Marriage,4.1
1283,District of Columbia,2001_Marriage,6.2
365,District of Columbia,2004_Divorce,1.8
1385,District of Columbia,1999_Marriage,6.6
1436,District of Columbia,1995_Marriage,6.1
467,District of Columbia,2002_Divorce,2.4
977,District of Columbia,2007_Marriage,4.2
1181,District of Columbia,2003_Marriage,5.1
1334,District of Columbia,2000_Marriage,4.9
824,District of Columbia,2010_Marriage,7.6
671,District of Columbia,1995_Divorce,3.2
59,District of Columbia,2010_Divorce,2.8
1232,District of Columbia,2002_Marriage,5.1
110,District of Columbia,2009_Divorce,2.7
1487,District of Columbia,1990_Marriage,8.2
314,District of Columbia,2005_Divorce,2.0
8,District of Columbia,2011_Divorce,2.9
875,District of Columbia,2009_Marriage,4.7
569,District of Columbia,2000_Divorce,3.2
1130,District of Columbia,2004_Marriage,5.2
876,Florida,2009_Marriage,7.5
417,Florida,2003_Divorce,5.0
978,Florida,2007_Marriage,8.5
927,Florida,2008_Marriage,8.0
1080,Florida,2005_Marriage,8.9
1386,Florida,1999_Marriage,8.7
366,Florida,2004_Divorce,4.7
1437,Florida,1995_Marriage,9.9
1029,Florida,2006_Marriage,8.6
315,Florida,2005_Divorce,4.6
774,Florida,2011_Marriage,7.4
825,Florida,2010_Marriage,7.3
468,Florida,2002_Divorce,5.1
111,Florida,2009_Divorce,4.2
621,Florida,1999_Divorce,5.1
1182,Florida,2003_Marriage,9.0
264,Florida,2006_Divorce,4.7
1335,Florida,2000_Marriage,8.9
570,Florida,2000_Divorce,5.1
1284,Florida,2001_Marriage,9.3
723,Florida,1990_Divorce,6.3
1233,Florida,2002_Marriage,9.4
1488,Florida,1990_Marriage,10.9
9,Florida,2011_Divorce,4.5
519,Florida,2001_Divorce,5.2
213,Florida,2007_Divorce,4.6
1131,Florida,2004_Marriage,9.0
672,Florida,1995_Divorce,5.5
60,Florida,2010_Divorce,4.4
162,Florida,2008_Divorce,4.3
316,Georgia,2005_Divorce,
1030,Georgia,2006_Marriage,7.3
826,Georgia,2010_Marriage,7.3
775,Georgia,2011_Marriage,6.6
367,Georgia,2004_Divorce,
1234,Georgia,2002_Marriage,6.5
10,Georgia,2011_Divorce,
979,Georgia,2007_Marriage,6.8
1183,Georgia,2003_Marriage,7.0
1489,Georgia,1990_Marriage,10.3
520,Georgia,2001_Divorce,3.1
571,Georgia,2000_Divorce,3.3
928,Georgia,2008_Marriage,6.0
622,Georgia,1999_Divorce,4.1
724,Georgia,1990_Divorce,5.5
1132,Georgia,2004_Marriage,7.9
877,Georgia,2009_Marriage,6.6
673,Georgia,1995_Divorce,5.1
469,Georgia,2002_Divorce,2.5
1081,Georgia,2005_Marriage,7.0
1336,Georgia,2000_Marriage,6.8
418,Georgia,2003_Divorce,3.2
265,Georgia,2006_Divorce,
1285,Georgia,2001_Marriage,6.1
163,Georgia,2008_Divorce,
1438,Georgia,1995_Marriage,8.4
214,Georgia,2007_Divorce,
61,Georgia,2010_Divorce,
112,Georgia,2009_Divorce,
1387,Georgia,1999_Marriage,7.8
368,Hawaii,2004_Divorce,
215,Hawaii,2007_Divorce,
623,Hawaii,1999_Divorce,3.8
980,Hawaii,2007_Marriage,20.8
11,Hawaii,2011_Divorce,
1235,Hawaii,2002_Marriage,20.8
1490,Hawaii,1990_Marriage,16.4
572,Hawaii,2000_Divorce,3.9
929,Hawaii,2008_Marriage,19.1
1388,Hawaii,1999_Marriage,18.9
164,Hawaii,2008_Divorce,
1286,Hawaii,2001_Marriage,19.6
419,Hawaii,2003_Divorce,
674,Hawaii,1995_Divorce,4.6
878,Hawaii,2009_Marriage,17.2
62,Hawaii,2010_Divorce,
470,Hawaii,2002_Divorce,3.7
1337,Hawaii,2000_Marriage,20.6
776,Hawaii,2011_Marriage,17.6
1082,Hawaii,2005_Marriage,22.6
521,Hawaii,2001_Divorce,4.0
113,Hawaii,2009_Divorce,
317,Hawaii,2005_Divorce,
1439,Hawaii,1995_Marriage,15.7
1031,Hawaii,2006_Marriage,21.9
1133,Hawaii,2004_Marriage,22.6
266,Hawaii,2006_Divorce,
725,Hawaii,1990_Divorce,4.6
827,Hawaii,2010_Marriage,17.6
1184,Hawaii,2003_Marriage,22.0
828,Idaho,2010_Marriage,8.8
522,Idaho,2001_Divorce,5.3
1236,Idaho,2002_Marriage,11.0
1491,Idaho,1990_Marriage,13.9
573,Idaho,2000_Divorce,5.5
318,Idaho,2005_Divorce,5.0
1083,Idaho,2005_Marriage,10.5
1134,Idaho,2004_Marriage,10.8
675,Idaho,1995_Divorce,5.8
1440,Idaho,1995_Marriage,13.1
165,Idaho,2008_Divorce,4.8
1389,Idaho,1999_Marriage,12.1
114,Idaho,2009_Divorce,5.0
1287,Idaho,2001_Marriage,11.2
267,Idaho,2006_Divorce,5.0
930,Idaho,2008_Marriage,9.5
777,Idaho,2011_Marriage,8.6
420,Idaho,2003_Divorce,5.2
63,Idaho,2010_Divorce,5.2
1185,Idaho,2003_Marriage,10.9
471,Idaho,2002_Divorce,5.3
726,Idaho,1990_Divorce,6.5
216,Idaho,2007_Divorce,4.9
1338,Idaho,2000_Marriage,10.8
1032,Idaho,2006_Marriage,10.1
981,Idaho,2007_Marriage,10.0
624,Idaho,1999_Divorce,5.4
879,Idaho,2009_Marriage,8.9
369,Idaho,2004_Divorce,5.0
12,Idaho,2011_Divorce,4.9
676,Illinois,1995_Divorce,3.2
166,Illinois,2008_Divorce,2.5
1186,Illinois,2003_Marriage,6.5
13,Illinois,2011_Divorce,2.6
982,Illinois,2007_Marriage,6.1
1390,Illinois,1999_Marriage,7.0
115,Illinois,2009_Divorce,2.5
1288,Illinois,2001_Marriage,7.2
472,Illinois,2002_Divorce,2.9
217,Illinois,2007_Divorce,2.6
421,Illinois,2003_Divorce,2.8
319,Illinois,2005_Divorce,2.6
574,Illinois,2000_Divorce,3.2
64,Illinois,2010_Divorce,2.6
1441,Illinois,1995_Marriage,6.9
268,Illinois,2006_Divorce,2.5
778,Illinois,2011_Marriage,5.6
880,Illinois,2009_Marriage,5.7
829,Illinois,2010_Marriage,5.7
1084,Illinois,2005_Marriage,5.9
727,Illinois,1990_Divorce,3.8
1492,Illinois,1990_Marriage,8.8
1237,Illinois,2002_Marriage,6.6
1339,Illinois,2000_Marriage,6.9
370,Illinois,2004_Divorce,2.6
523,Illinois,2001_Divorce,3.2
1033,Illinois,2006_Marriage,6.2
931,Illinois,2008_Marriage,5.9
1135,Illinois,2004_Marriage,6.2
625,Illinois,1999_Divorce,3.3
626,Indiana,1999_Divorce,
473,Indiana,2002_Divorce,
575,Indiana,2000_Divorce,
524,Indiana,2001_Divorce,
779,Indiana,2011_Marriage,6.8
14,Indiana,2011_Divorce,
728,Indiana,1990_Divorce,
830,Indiana,2010_Marriage,6.3
1493,Indiana,1990_Marriage,9.6
677,Indiana,1995_Divorce,
881,Indiana,2009_Marriage,7.9
1391,Indiana,1999_Marriage,8.1
1340,Indiana,2000_Marriage,7.9
1238,Indiana,2002_Marriage,7.9
167,Indiana,2008_Divorce,
1034,Indiana,2006_Marriage,7.0
1442,Indiana,1995_Marriage,8.6
983,Indiana,2007_Marriage,7.0
371,Indiana,2004_Divorce,
320,Indiana,2005_Divorce,
1085,Indiana,2005_Marriage,6.9
1187,Indiana,2003_Marriage,7.1
116,Indiana,2009_Divorce,
1289,Indiana,2001_Marriage,7.9
932,Indiana,2008_Marriage,8.0
269,Indiana,2006_Divorce,
422,Indiana,2003_Divorce,
218,Indiana,2007_Divorce,
1136,Indiana,2004_Marriage,7.8
65,Indiana,2010_Divorce,
933,Iowa,2008_Marriage,6.5
984,Iowa,2007_Marriage,6.6
1392,Iowa,1999_Marriage,7.9
780,Iowa,2011_Marriage,6.7
1341,Iowa,2000_Marriage,6.9
270,Iowa,2006_Divorce,2.7
1239,Iowa,2002_Marriage,7.0
15,Iowa,2011_Divorce,2.4
168,Iowa,2008_Divorce,2.6
1443,Iowa,1995_Marriage,7.7
882,Iowa,2009_Marriage,7.0
1035,Iowa,2006_Marriage,6.7
219,Iowa,2007_Divorce,2.5
474,Iowa,2002_Divorce,3.1
678,Iowa,1995_Divorce,3.7
66,Iowa,2010_Divorce,2.4
372,Iowa,2004_Divorce,2.8
576,Iowa,2000_Divorce,3.3
117,Iowa,2009_Divorce,2.4
1188,Iowa,2003_Marriage,6.9
423,Iowa,2003_Divorce,2.8
627,Iowa,1999_Divorce,3.3
729,Iowa,1990_Divorce,3.9
1086,Iowa,2005_Marriage,6.9
1137,Iowa,2004_Marriage,6.9
321,Iowa,2005_Divorce,2.7
1290,Iowa,2001_Marriage,7.1
1494,Iowa,1990_Marriage,9.0
831,Iowa,2010_Marriage,6.9
525,Iowa,2001_Divorce,3.3
1138,Kansas,2004_Marriage,7.0
781,Kansas,2011_Marriage,6.3
577,Kansas,2000_Divorce,3.6
169,Kansas,2008_Divorce,3.5
322,Kansas,2005_Divorce,3.1
526,Kansas,2001_Divorce,3.4
1087,Kansas,2005_Marriage,6.8
1240,Kansas,2002_Marriage,7.3
220,Kansas,2007_Divorce,3.4
271,Kansas,2006_Divorce,3.1
1291,Kansas,2001_Marriage,7.5
934,Kansas,2008_Marriage,6.7
1189,Kansas,2003_Marriage,6.9
118,Kansas,2009_Divorce,3.6
628,Kansas,1999_Divorce,3.4
832,Kansas,2010_Marriage,6.4
730,Kansas,1990_Divorce,5.0
1495,Kansas,1990_Marriage,9.2
1393,Kansas,1999_Marriage,7.1
373,Kansas,2004_Divorce,3.3
985,Kansas,2007_Marriage,6.8
1342,Kansas,2000_Marriage,8.3
475,Kansas,2002_Divorce,3.6
883,Kansas,2009_Marriage,6.4
67,Kansas,2010_Divorce,3.7
16,Kansas,2011_Divorce,3.9
1444,Kansas,1995_Marriage,8.5
1036,Kansas,2006_Marriage,6.8
679,Kansas,1995_Divorce,4.1
424,Kansas,2003_Divorce,3.3
1190,Kentucky,2003_Marriage,9.1
731,Kentucky,1990_Divorce,5.8
680,Kentucky,1995_Divorce,5.9
527,Kentucky,2001_Divorce,5.1
1139,Kentucky,2004_Marriage,8.8
986,Kentucky,2007_Marriage,7.8
1496,Kentucky,1990_Marriage,13.5
1241,Kentucky,2002_Marriage,9.0
884,Kentucky,2009_Marriage,7.6
1394,Kentucky,1999_Marriage,10.9
425,Kentucky,2003_Divorce,5.0
935,Kentucky,2008_Marriage,7.9
119,Kentucky,2009_Divorce,4.6
833,Kentucky,2010_Marriage,7.4
629,Kentucky,1999_Divorce,5.5
374,Kentucky,2004_Divorce,4.9
1343,Kentucky,2000_Marriage,9.8
272,Kentucky,2006_Divorce,5.0
476,Kentucky,2002_Divorce,5.2
1292,Kentucky,2001_Marriage,9.0
1445,Kentucky,1995_Marriage,12.2
221,Kentucky,2007_Divorce,4.6
782,Kentucky,2011_Marriage,7.5
578,Kentucky,2000_Divorce,5.1
68,Kentucky,2010_Divorce,4.5
323,Kentucky,2005_Divorce,4.6
1088,Kentucky,2005_Marriage,8.7
170,Kentucky,2008_Divorce,4.6
1037,Kentucky,2006_Marriage,8.4
17,Kentucky,2011_Divorce,4.4
1242,Louisiana,2002_Marriage,8.1
1395,Louisiana,1999_Marriage,9.1
69,Louisiana,2010_Divorce,
1293,Louisiana,2001_Marriage,8.4
120,Louisiana,2009_Divorce,
630,Louisiana,1999_Divorce,
1344,Louisiana,2000_Marriage,9.1
579,Louisiana,2000_Divorce,
171,Louisiana,2008_Divorce,
681,Louisiana,1995_Divorce,
885,Louisiana,2009_Marriage,7.1
1497,Louisiana,1990_Marriage,9.6
426,Louisiana,2003_Divorce,3.4
936,Louisiana,2008_Marriage,6.8
834,Louisiana,2010_Marriage,6.9
375,Louisiana,2004_Divorce,
1446,Louisiana,1995_Marriage,9.3
987,Louisiana,2007_Marriage,7.5
477,Louisiana,2002_Divorce,3.3
1038,Louisiana,2006_Marriage,
222,Louisiana,2007_Divorce,
783,Louisiana,2011_Marriage,6.4
324,Louisiana,2005_Divorce,
1089,Louisiana,2005_Marriage,8.0
18,Louisiana,2011_Divorce,
273,Louisiana,2006_Divorce,
1140,Louisiana,2004_Marriage,8.0
1191,Louisiana,2003_Marriage,8.2
528,Louisiana,2001_Divorce,
732,Louisiana,1990_Divorce,
1294,Maine,2001_Marriage,8.6
886,Maine,2009_Marriage,7.1
988,Maine,2007_Marriage,7.4
682,Maine,1995_Divorce,4.4
1447,Maine,1995_Marriage,8.7
631,Maine,1999_Divorce,5.1
376,Maine,2004_Divorce,4.3
274,Maine,2006_Divorce,4.2
1345,Maine,2000_Marriage,8.8
121,Maine,2009_Divorce,4.1
937,Maine,2008_Marriage,7.4
1192,Maine,2003_Marriage,8.4
1396,Maine,1999_Marriage,8.6
427,Maine,2003_Divorce,4.4
835,Maine,2010_Marriage,7.1
478,Maine,2002_Divorce,4.6
223,Maine,2007_Divorce,4.2
1039,Maine,2006_Marriage,7.8
1243,Maine,2002_Marriage,8.4
70,Maine,2010_Divorce,4.2
172,Maine,2008_Divorce,4.2
19,Maine,2011_Divorce,4.2
733,Maine,1990_Divorce,4.3
529,Maine,2001_Divorce,4.7
1141,Maine,2004_Marriage,8.6
325,Maine,2005_Divorce,4.1
1090,Maine,2005_Marriage,8.2
1498,Maine,1990_Marriage,9.7
580,Maine,2000_Divorce,5.0
784,Maine,2011_Marriage,7.2
887,Maryland,2009_Marriage,5.8
1040,Maryland,2006_Marriage,6.6
1193,Maryland,2003_Marriage,6.9
1346,Maryland,2000_Marriage,7.5
1244,Maryland,2002_Marriage,7.1
1397,Maryland,1999_Marriage,7.5
1091,Maryland,2005_Marriage,6.9
938,Maryland,2008_Marriage,5.9
632,Maryland,1999_Divorce,3.2
1448,Maryland,1995_Marriage,8.4
836,Maryland,2010_Marriage,5.7
1295,Maryland,2001_Marriage,7.0
785,Maryland,2011_Marriage,5.8
1142,Maryland,2004_Marriage,6.9
683,Maryland,1995_Divorce,3.0
734,Maryland,1990_Divorce,3.4
989,Maryland,2007_Marriage,6.5
1499,Maryland,1990_Marriage,9.7
377,Maryland,2004_Divorce,3.2
326,Maryland,2005_Divorce,3.1
428,Maryland,2003_Divorce,3.2
71,Maryland,2010_Divorce,2.8
530,Maryland,2001_Divorce,3.0
173,Maryland,2008_Divorce,2.8
122,Maryland,2009_Divorce,2.8
275,Maryland,2006_Divorce,3.0
20,Maryland,2011_Divorce,2.9
581,Maryland,2000_Divorce,3.3
479,Maryland,2002_Divorce,3.4
224,Maryland,2007_Divorce,2.9
684,Massachusetts,1995_Divorce,2.2
327,Massachusetts,2005_Divorce,2.2
1398,Massachusetts,1999_Marriage,6.2
429,Massachusetts,2003_Divorce,2.5
1194,Massachusetts,2003_Marriage,5.6
1245,Massachusetts,2002_Marriage,5.9
1092,Massachusetts,2005_Marriage,6.2
1500,Massachusetts,1990_Marriage,7.9
582,Massachusetts,2000_Divorce,2.5
123,Massachusetts,2009_Divorce,2.2
225,Massachusetts,2007_Divorce,2.3
1347,Massachusetts,2000_Marriage,5.8
531,Massachusetts,2001_Divorce,2.4
1296,Massachusetts,2001_Marriage,6.2
1041,Massachusetts,2006_Marriage,5.9
276,Massachusetts,2006_Divorce,2.3
378,Massachusetts,2004_Divorce,2.2
174,Massachusetts,2008_Divorce,2.0
837,Massachusetts,2010_Marriage,5.6
633,Massachusetts,1999_Divorce,2.5
786,Massachusetts,2011_Marriage,5.5
72,Massachusetts,2010_Divorce,2.5
888,Massachusetts,2009_Marriage,5.6
1449,Massachusetts,1995_Marriage,7.1
990,Massachusetts,2007_Marriage,5.9
939,Massachusetts,2008_Marriage,5.7
21,Massachusetts,2011_Divorce,2.7
1143,Massachusetts,2004_Marriage,6.5
480,Massachusetts,2002_Divorce,2.5
735,Massachusetts,1990_Divorce,2.8
226,Michigan,2007_Divorce,3.4
481,Michigan,2002_Divorce,3.8
1501,Michigan,1990_Marriage,8.2
838,Michigan,2010_Marriage,5.5
736,Michigan,1990_Divorce,4.3
175,Michigan,2008_Divorce,3.4
73,Michigan,2010_Divorce,3.5
1195,Michigan,2003_Marriage,6.3
1450,Michigan,1995_Marriage,7.3
328,Michigan,2005_Divorce,3.4
940,Michigan,2008_Marriage,5.6
685,Michigan,1995_Divorce,4.1
583,Michigan,2000_Divorce,3.9
1348,Michigan,2000_Marriage,6.7
277,Michigan,2006_Divorce,3.5
22,Michigan,2011_Divorce,3.4
787,Michigan,2011_Marriage,5.7
379,Michigan,2004_Divorce,3.5
430,Michigan,2003_Divorce,3.5
889,Michigan,2009_Marriage,5.4
634,Michigan,1999_Divorce,3.8
991,Michigan,2007_Marriage,5.7
1144,Michigan,2004_Marriage,6.2
1042,Michigan,2006_Marriage,5.9
1399,Michigan,1999_Marriage,6.8
124,Michigan,2009_Divorce,3.3
1246,Michigan,2002_Marriage,6.5
1093,Michigan,2005_Marriage,6.1
532,Michigan,2001_Divorce,3.9
1297,Michigan,2001_Marriage,6.7
686,Minnesota,1995_Divorce,3.4
380,Minnesota,2004_Divorce,2.8
635,Minnesota,1999_Divorce,3.2
227,Minnesota,2007_Divorce,
1145,Minnesota,2004_Marriage,6.0
74,Minnesota,2010_Divorce,
737,Minnesota,1990_Divorce,3.5
890,Minnesota,2009_Marriage,5.3
431,Minnesota,2003_Divorce,3.0
1298,Minnesota,2001_Marriage,6.6
23,Minnesota,2011_Divorce,
1247,Minnesota,2002_Marriage,6.5
482,Minnesota,2002_Divorce,3.1
1043,Minnesota,2006_Marriage,6.0
1451,Minnesota,1995_Marriage,7.0
176,Minnesota,2008_Divorce,
584,Minnesota,2000_Divorce,3.2
1349,Minnesota,2000_Marriage,6.8
788,Minnesota,2011_Marriage,5.6
533,Minnesota,2001_Divorce,3.2
992,Minnesota,2007_Marriage,5.8
1094,Minnesota,2005_Marriage,6.0
839,Minnesota,2010_Marriage,5.3
278,Minnesota,2006_Divorce,
1502,Minnesota,1990_Marriage,7.7
329,Minnesota,2005_Divorce,
125,Minnesota,2009_Divorce,
941,Minnesota,2008_Marriage,5.4
1196,Minnesota,2003_Marriage,6.3
1400,Minnesota,1999_Marriage,6.8
483,Mississippi,2002_Divorce,4.9
534,Mississippi,2001_Divorce,5.0
1248,Mississippi,2002_Marriage,6.4
330,Mississippi,2005_Divorce,4.4
177,Mississippi,2008_Divorce,4.3
738,Mississippi,1990_Divorce,5.5
993,Mississippi,2007_Marriage,5.4
381,Mississippi,2004_Divorce,4.5
1401,Mississippi,1999_Marriage,7.8
942,Mississippi,2008_Marriage,5.1
789,Mississippi,2011_Marriage,4.9
1197,Mississippi,2003_Marriage,6.2
1044,Mississippi,2006_Marriage,5.7
126,Mississippi,2009_Divorce,4.1
1299,Mississippi,2001_Marriage,6.5
585,Mississippi,2000_Divorce,5.0
228,Mississippi,2007_Divorce,4.5
1503,Mississippi,1990_Marriage,9.4
687,Mississippi,1995_Divorce,4.8
279,Mississippi,2006_Divorce,4.8
891,Mississippi,2009_Marriage,4.8
840,Mississippi,2010_Marriage,4.9
1095,Mississippi,2005_Marriage,5.8
1452,Mississippi,1995_Marriage,7.9
1350,Mississippi,2000_Marriage,6.9
24,Mississippi,2011_Divorce,4.0
636,Mississippi,1999_Divorce,5.0
432,Mississippi,2003_Divorce,4.6
75,Mississippi,2010_Divorce,4.3
1146,Mississippi,2004_Marriage,6.1
1096,Missouri,2005_Marriage,7.0
25,Missouri,2011_Divorce,3.9
1402,Missouri,1999_Marriage,8.1
1147,Missouri,2004_Marriage,7.1
790,Missouri,2011_Marriage,6.6
637,Missouri,1999_Divorce,4.4
280,Missouri,2006_Divorce,3.8
382,Missouri,2004_Divorce,3.8
994,Missouri,2007_Marriage,6.9
1504,Missouri,1990_Marriage,9.6
892,Missouri,2009_Marriage,6.5
127,Missouri,2009_Divorce,3.8
484,Missouri,2002_Divorce,4.0
178,Missouri,2008_Divorce,3.7
433,Missouri,2003_Divorce,3.9
1453,Missouri,1995_Marriage,8.3
841,Missouri,2010_Marriage,6.5
1198,Missouri,2003_Marriage,7.2
1351,Missouri,2000_Marriage,7.8
331,Missouri,2005_Divorce,3.6
688,Missouri,1995_Divorce,5.0
739,Missouri,1990_Divorce,5.1
943,Missouri,2008_Marriage,6.8
535,Missouri,2001_Divorce,4.2
229,Missouri,2007_Divorce,3.8
586,Missouri,2000_Divorce,4.5
1249,Missouri,2002_Marriage,7.3
1300,Missouri,2001_Marriage,7.5
1045,Missouri,2006_Marriage,6.9
76,Missouri,2010_Divorce,3.9
1352,Montana,2000_Marriage,7.3
485,Montana,2002_Divorce,4.0
383,Montana,2004_Divorce,3.8
179,Montana,2008_Divorce,4.1
842,Montana,2010_Marriage,7.4
944,Montana,2008_Marriage,7.6
128,Montana,2009_Divorce,4.0
1301,Montana,2001_Marriage,7.1
791,Montana,2011_Marriage,7.8
893,Montana,2009_Marriage,7.3
434,Montana,2003_Divorce,3.9
281,Montana,2006_Divorce,4.4
587,Montana,2000_Divorce,4.2
689,Montana,1995_Divorce,4.8
1199,Montana,2003_Marriage,7.2
1454,Montana,1995_Marriage,7.6
77,Montana,2010_Divorce,3.9
1046,Montana,2006_Marriage,7.4
536,Montana,2001_Divorce,4.2
1097,Montana,2005_Marriage,7.4
740,Montana,1990_Divorce,5.1
332,Montana,2005_Divorce,4.5
1505,Montana,1990_Marriage,8.6
638,Montana,1999_Divorce,2.8
1148,Montana,2004_Marriage,7.5
230,Montana,2007_Divorce,4.0
1403,Montana,1999_Marriage,7.4
26,Montana,2011_Divorce,4.0
995,Montana,2007_Marriage,7.5
1250,Montana,2002_Marriage,7.1
1149,Nebraska,2004_Marriage,7.1
129,Nebraska,2009_Divorce,3.4
1353,Nebraska,2000_Marriage,7.6
78,Nebraska,2010_Divorce,3.6
1455,Nebraska,1995_Marriage,7.3
996,Nebraska,2007_Marriage,6.8
1200,Nebraska,2003_Marriage,7.0
1098,Nebraska,2005_Marriage,7.0
1251,Nebraska,2002_Marriage,7.5
843,Nebraska,2010_Marriage,6.6
1302,Nebraska,2001_Marriage,7.9
690,Nebraska,1995_Divorce,3.8
792,Nebraska,2011_Marriage,6.6
588,Nebraska,2000_Divorce,3.7
1047,Nebraska,2006_Marriage,6.8
231,Nebraska,2007_Divorce,3.4
333,Nebraska,2005_Divorce,3.3
537,Nebraska,2001_Divorce,3.6
384,Nebraska,2004_Divorce,3.4
180,Nebraska,2008_Divorce,3.3
486,Nebraska,2002_Divorce,3.6
741,Nebraska,1990_Divorce,4.0
27,Nebraska,2011_Divorce,3.5
1404,Nebraska,1999_Marriage,7.5
435,Nebraska,2003_Divorce,3.4
282,Nebraska,2006_Divorce,3.4
894,Nebraska,2009_Marriage,6.6
1506,Nebraska,1990_Marriage,8.0
945,Nebraska,2008_Marriage,6.9
639,Nebraska,1999_Divorce,3.7
283,Nevada,2006_Divorce,6.7
28,Nevada,2011_Divorce,5.6
436,Nevada,2003_Divorce,7.3
1099,Nevada,2005_Marriage,57.4
1303,Nevada,2001_Marriage,69.6
895,Nevada,2009_Marriage,40.3
232,Nevada,2007_Divorce,6.4
1150,Nevada,2004_Marriage,62.1
1507,Nevada,1990_Marriage,99.0
640,Nevada,1999_Divorce,7.8
130,Nevada,2009_Divorce,6.6
1252,Nevada,2002_Marriage,67.4
844,Nevada,2010_Marriage,38.3
793,Nevada,2011_Marriage,36.9
385,Nevada,2004_Divorce,6.3
181,Nevada,2008_Divorce,6.4
1405,Nevada,1999_Marriage,82.3
997,Nevada,2007_Marriage,48.6
946,Nevada,2008_Marriage,42.3
334,Nevada,2005_Divorce,7.4
742,Nevada,1990_Divorce,11.4
589,Nevada,2000_Divorce,9.9
538,Nevada,2001_Divorce,6.3
1048,Nevada,2006_Marriage,52.1
487,Nevada,2002_Divorce,7.1
1456,Nevada,1995_Marriage,85.2
79,Nevada,2010_Divorce,5.9
691,Nevada,1995_Divorce,7.8
1354,Nevada,2000_Marriage,72.2
1201,Nevada,2003_Marriage,63.9
1508,New Hampshire,1990_Marriage,9.5
386,New Hampshire,2004_Divorce,4.0
182,New Hampshire,2008_Divorce,3.9
1100,New Hampshire,2005_Marriage,7.3
1253,New Hampshire,2002_Marriage,8.3
1049,New Hampshire,2006_Marriage,7.2
947,New Hampshire,2008_Marriage,6.8
1202,New Hampshire,2003_Marriage,8.1
335,New Hampshire,2005_Divorce,3.9
233,New Hampshire,2007_Divorce,3.8
896,New Hampshire,2009_Marriage,6.5
284,New Hampshire,2006_Divorce,4.1
1304,New Hampshire,2001_Marriage,8.5
998,New Hampshire,2007_Marriage,7.1
1151,New Hampshire,2004_Marriage,8.0
539,New Hampshire,2001_Divorce,4.4
437,New Hampshire,2003_Divorce,4.1
590,New Hampshire,2000_Divorce,4.8
1406,New Hampshire,1999_Marriage,7.9
80,New Hampshire,2010_Divorce,3.8
794,New Hampshire,2011_Marriage,7.1
743,New Hampshire,1990_Divorce,4.7
488,New Hampshire,2002_Divorce,4.3
1355,New Hampshire,2000_Marriage,9.4
845,New Hampshire,2010_Marriage,7.3
1457,New Hampshire,1995_Marriage,8.3
131,New Hampshire,2009_Divorce,3.7
692,New Hampshire,1995_Divorce,4.2
29,New Hampshire,2011_Divorce,3.8
641,New Hampshire,1999_Divorce,5.1
438,New Jersey,2003_Divorce,3.2
1305,New Jersey,2001_Marriage,6.4
1050,New Jersey,2006_Marriage,5.5
795,New Jersey,2011_Marriage,4.8
387,New Jersey,2004_Divorce,3.0
846,New Jersey,2010_Marriage,5.1
1101,New Jersey,2005_Marriage,5.7
897,New Jersey,2009_Marriage,5.0
234,New Jersey,2007_Divorce,3.0
744,New Jersey,1990_Divorce,3.0
489,New Jersey,2002_Divorce,3.4
30,New Jersey,2011_Divorce,2.9
1458,New Jersey,1995_Marriage,6.5
285,New Jersey,2006_Divorce,3.0
1356,New Jersey,2000_Marriage,6.0
540,New Jersey,2001_Divorce,3.4
132,New Jersey,2009_Divorce,2.7
591,New Jersey,2000_Divorce,3.0
1254,New Jersey,2002_Marriage,6.0
948,New Jersey,2008_Marriage,5.4
81,New Jersey,2010_Divorce,3.0
1509,New Jersey,1990_Marriage,7.6
1407,New Jersey,1999_Marriage,5.9
1203,New Jersey,2003_Marriage,5.8
642,New Jersey,1999_Divorce,3.0
999,New Jersey,2007_Marriage,5.4
1152,New Jersey,2004_Marriage,5.9
336,New Jersey,2005_Divorce,2.9
693,New Jersey,1995_Divorce,3.0
183,New Jersey,2008_Divorce,3.0
1459,New Mexico,1995_Marriage,8.8
439,New Mexico,2003_Divorce,5.2
235,New Mexico,2007_Divorce,4.2
694,New Mexico,1995_Divorce,6.6
184,New Mexico,2008_Divorce,4.1
82,New Mexico,2010_Divorce,4.0
286,New Mexico,2006_Divorce,4.3
337,New Mexico,2005_Divorce,4.6
388,New Mexico,2004_Divorce,4.6
1000,New Mexico,2007_Marriage,5.6
796,New Mexico,2011_Marriage,8.0
1408,New Mexico,1999_Marriage,8.0
1255,New Mexico,2002_Marriage,7.9
949,New Mexico,2008_Marriage,4.0
592,New Mexico,2000_Divorce,5.1
1102,New Mexico,2005_Marriage,6.6
1510,New Mexico,1990_Marriage,8.8
898,New Mexico,2009_Marriage,5.0
745,New Mexico,1990_Divorce,4.9
31,New Mexico,2011_Divorce,3.3
1051,New Mexico,2006_Marriage,6.8
1153,New Mexico,2004_Marriage,7.4
1357,New Mexico,2000_Marriage,8.0
541,New Mexico,2001_Divorce,4.9
490,New Mexico,2002_Divorce,4.4
133,New Mexico,2009_Divorce,3.9
847,New Mexico,2010_Marriage,7.7
1204,New Mexico,2003_Marriage,6.9
643,New Mexico,1999_Divorce,4.6
1306,New Mexico,2001_Marriage,7.6
1511,New York,1990_Marriage,8.6
287,New York,2006_Divorce,3.1
695,New York,1995_Divorce,3.0
83,New York,2010_Divorce,2.9
644,New York,1999_Divorce,3.3
1052,New York,2006_Marriage,6.9
1256,New York,2002_Marriage,7.3
1001,New York,2007_Marriage,6.8
338,New York,2005_Divorce,2.9
1409,New York,1999_Marriage,7.3
440,New York,2003_Divorce,3.2
185,New York,2008_Divorce,2.8
1154,New York,2004_Marriage,6.8
1460,New York,1995_Marriage,8.0
899,New York,2009_Marriage,6.5
1307,New York,2001_Marriage,7.6
593,New York,2000_Divorce,3.0
134,New York,2009_Divorce,2.6
491,New York,2002_Divorce,3.4
1358,New York,2000_Marriage,7.1
950,New York,2008_Marriage,6.6
746,New York,1990_Divorce,3.2
848,New York,2010_Marriage,6.5
797,New York,2011_Marriage,6.9
542,New York,2001_Divorce,3.5
236,New York,2007_Divorce,2.9
1205,New York,2003_Marriage,6.8
389,New York,2004_Divorce,3.0
32,New York,2011_Divorce,2.9
1103,New York,2005_Marriage,6.8
1053,North Carolina,2006_Marriage,7.3
390,North Carolina,2004_Divorce,4.2
1410,North Carolina,1999_Marriage,8.5
339,North Carolina,2005_Divorce,4.1
492,North Carolina,2002_Divorce,4.4
288,North Carolina,2006_Divorce,4.0
186,North Carolina,2008_Divorce,3.8
1155,North Carolina,2004_Marriage,7.3
951,North Carolina,2008_Marriage,6.9
900,North Carolina,2009_Marriage,6.6
1461,North Carolina,1995_Marriage,8.4
237,North Carolina,2007_Divorce,4.0
543,North Carolina,2001_Divorce,4.6
1359,North Carolina,2000_Marriage,8.2
135,North Carolina,2009_Divorce,3.8
849,North Carolina,2010_Marriage,6.6
696,North Carolina,1995_Divorce,5.0
1257,North Carolina,2002_Marriage,7.7
798,North Carolina,2011_Marriage,6.7
1512,North Carolina,1990_Marriage,7.8
594,North Carolina,2000_Divorce,4.5
1002,North Carolina,2007_Marriage,7.0
747,North Carolina,1990_Divorce,5.1
33,North Carolina,2011_Divorce,3.7
1206,North Carolina,2003_Marriage,7.4
441,North Carolina,2003_Divorce,4.2
1308,North Carolina,2001_Marriage,7.4
1104,North Carolina,2005_Marriage,7.3
645,North Carolina,1999_Divorce,4.6
84,North Carolina,2010_Divorce,3.8
1054,North Dakota,2006_Marriage,6.7
340,North Dakota,2005_Divorce,2.9
748,North Dakota,1990_Divorce,3.6
697,North Dakota,1995_Divorce,3.4
544,North Dakota,2001_Divorce,2.9
799,North Dakota,2011_Marriage,6.7
187,North Dakota,2008_Divorce,2.9
442,North Dakota,2003_Divorce,2.9
136,North Dakota,2009_Divorce,2.8
901,North Dakota,2009_Marriage,6.4
1156,North Dakota,2004_Marriage,6.9
1309,North Dakota,2001_Marriage,6.5
646,North Dakota,1999_Divorce,4.4
850,North Dakota,2010_Marriage,6.5
34,North Dakota,2011_Divorce,2.7
391,North Dakota,2004_Divorce,3.1
1513,North Dakota,1990_Marriage,7.5
1462,North Dakota,1995_Marriage,7.1
952,North Dakota,2008_Marriage,6.5
1360,North Dakota,2000_Marriage,7.2
1105,North Dakota,2005_Marriage,6.8
595,North Dakota,2000_Divorce,3.4
1207,North Dakota,2003_Marriage,7.1
493,North Dakota,2002_Divorce,2.9
1411,North Dakota,1999_Marriage,6.6
1258,North Dakota,2002_Marriage,6.8
238,North Dakota,2007_Divorce,2.9
85,North Dakota,2010_Divorce,3.1
1003,North Dakota,2007_Marriage,6.6
289,North Dakota,2006_Divorce,3.0
239,Ohio,2007_Divorce,3.4
1463,Ohio,1995_Marriage,8.0
596,Ohio,2000_Divorce,4.2
290,Ohio,2006_Divorce,3.5
647,Ohio,1999_Divorce,3.9
1514,Ohio,1990_Marriage,9.0
698,Ohio,1995_Divorce,4.3
1106,Ohio,2005_Marriage,6.5
35,Ohio,2011_Divorce,3.4
1157,Ohio,2004_Marriage,6.6
1208,Ohio,2003_Marriage,6.7
749,Ohio,1990_Divorce,4.7
86,Ohio,2010_Divorce,3.4
800,Ohio,2011_Marriage,5.9
1004,Ohio,2007_Marriage,6.1
1259,Ohio,2002_Marriage,7.0
1412,Ohio,1999_Marriage,7.8
1310,Ohio,2001_Marriage,7.2
188,Ohio,2008_Divorce,3.3
494,Ohio,2002_Divorce,4.0
341,Ohio,2005_Divorce,3.5
137,Ohio,2009_Divorce,3.3
902,Ohio,2009_Marriage,5.8
392,Ohio,2004_Divorce,3.6
545,Ohio,2001_Divorce,4.0
443,Ohio,2003_Divorce,3.7
1361,Ohio,2000_Marriage,7.8
1055,Ohio,2006_Marriage,6.3
851,Ohio,2010_Marriage,5.8
953,Ohio,2008_Marriage,6.0
1362,Oklahoma,2000_Marriage,
1515,Oklahoma,1990_Marriage,10.6
1464,Oklahoma,1995_Marriage,8.6
1311,Oklahoma,2001_Marriage,
1107,Oklahoma,2005_Marriage,7.3
852,Oklahoma,2010_Marriage,7.2
801,Oklahoma,2011_Marriage,6.9
648,Oklahoma,1999_Divorce,
393,Oklahoma,2004_Divorce,4.9
1209,Oklahoma,2003_Marriage,
36,Oklahoma,2011_Divorce,5.2
1260,Oklahoma,2002_Marriage,
495,Oklahoma,2002_Divorce,
189,Oklahoma,2008_Divorce,5.3
87,Oklahoma,2010_Divorce,5.2
444,Oklahoma,2003_Divorce,
1056,Oklahoma,2006_Marriage,7.3
546,Oklahoma,2001_Divorce,
597,Oklahoma,2000_Divorce,
699,Oklahoma,1995_Divorce,6.6
750,Oklahoma,1990_Divorce,7.7
903,Oklahoma,2009_Marriage,6.9
138,Oklahoma,2009_Divorce,4.8
342,Oklahoma,2005_Divorce,5.6
1413,Oklahoma,1999_Marriage,6.8
1158,Oklahoma,2004_Marriage,6.5
291,Oklahoma,2006_Divorce,5.3
1005,Oklahoma,2007_Marriage,7.3
954,Oklahoma,2008_Marriage,7.1
240,Oklahoma,2007_Divorce,5.2
904,Oregon,2009_Marriage,6.6
139,Oregon,2009_Divorce,3.9
1312,Oregon,2001_Marriage,7.5
445,Oregon,2003_Divorce,4.3
649,Oregon,1999_Divorce,4.6
394,Oregon,2004_Divorce,4.1
1159,Oregon,2004_Marriage,8.1
598,Oregon,2000_Divorce,4.8
853,Oregon,2010_Marriage,6.5
1210,Oregon,2003_Marriage,7.2
1006,Oregon,2007_Marriage,7.2
1516,Oregon,1990_Marriage,8.9
1057,Oregon,2006_Marriage,7.3
547,Oregon,2001_Divorce,4.8
700,Oregon,1995_Divorce,4.7
751,Oregon,1990_Divorce,5.5
343,Oregon,2005_Divorce,4.2
1414,Oregon,1999_Marriage,7.6
190,Oregon,2008_Divorce,3.9
292,Oregon,2006_Divorce,4.0
241,Oregon,2007_Divorce,3.9
496,Oregon,2002_Divorce,4.6
88,Oregon,2010_Divorce,4.0
955,Oregon,2008_Marriage,6.9
1261,Oregon,2002_Marriage,7.1
1363,Oregon,2000_Marriage,7.6
802,Oregon,2011_Marriage,6.6
37,Oregon,2011_Divorce,3.8
1108,Oregon,2005_Marriage,7.3
1465,Oregon,1995_Marriage,8.1
1466,Pennsylvania,1995_Marriage,6.2
1364,Pennsylvania,2000_Marriage,6.0
89,Pennsylvania,2010_Divorce,2.7
1415,Pennsylvania,1999_Marriage,6.1
1211,Pennsylvania,2003_Marriage,5.9
191,Pennsylvania,2008_Divorce,2.7
140,Pennsylvania,2009_Divorce,2.7
1313,Pennsylvania,2001_Marriage,5.8
1262,Pennsylvania,2002_Marriage,5.7
1160,Pennsylvania,2004_Marriage,5.9
38,Pennsylvania,2011_Divorce,2.8
242,Pennsylvania,2007_Divorce,2.8
1058,Pennsylvania,2006_Marriage,5.7
446,Pennsylvania,2003_Divorce,3.1
293,Pennsylvania,2006_Divorce,2.8
803,Pennsylvania,2011_Marriage,5.3
497,Pennsylvania,2002_Divorce,3.1
1007,Pennsylvania,2007_Marriage,5.7
854,Pennsylvania,2010_Marriage,5.3
1109,Pennsylvania,2005_Marriage,5.8
344,Pennsylvania,2005_Divorce,2.3
1517,Pennsylvania,1990_Marriage,7.1
905,Pennsylvania,2009_Marriage,5.3
752,Pennsylvania,1990_Divorce,3.3
650,Pennsylvania,1999_Divorce,3.1
599,Pennsylvania,2000_Divorce,3.1
395,Pennsylvania,2004_Divorce,3.0
956,Pennsylvania,2008_Marriage,5.5
548,Pennsylvania,2001_Divorce,3.1
701,Pennsylvania,1995_Divorce,3.2
1110,Rhode Island,2005_Marriage,7.0
90,Rhode Island,2010_Divorce,3.2
498,Rhode Island,2002_Divorce,3.2
855,Rhode Island,2010_Marriage,5.8
1518,Rhode Island,1990_Marriage,8.1
192,Rhode Island,2008_Divorce,2.7
549,Rhode Island,2001_Divorce,3.2
345,Rhode Island,2005_Divorce,3.0
1365,Rhode Island,2000_Marriage,7.6
1416,Rhode Island,1999_Marriage,7.5
294,Rhode Island,2006_Divorce,3.0
804,Rhode Island,2011_Marriage,6.0
141,Rhode Island,2009_Divorce,3.0
39,Rhode Island,2011_Divorce,3.2
957,Rhode Island,2008_Marriage,6.1
600,Rhode Island,2000_Divorce,2.9
651,Rhode Island,1999_Divorce,2.7
1161,Rhode Island,2004_Marriage,7.7
396,Rhode Island,2004_Divorce,3.1
1008,Rhode Island,2007_Marriage,6.4
1059,Rhode Island,2006_Marriage,6.6
1212,Rhode Island,2003_Marriage,7.8
1314,Rhode Island,2001_Marriage,8.1
1467,Rhode Island,1995_Marriage,7.3
906,Rhode Island,2009_Marriage,5.9
243,Rhode Island,2007_Divorce,2.8
702,Rhode Island,1995_Divorce,3.6
447,Rhode Island,2003_Divorce,3.1
1263,Rhode Island,2002_Marriage,7.8
753,Rhode Island,1990_Divorce,3.7
91,South Carolina,2010_Divorce,3.1
805,South Carolina,2011_Marriage,7.2
448,South Carolina,2003_Divorce,3.3
1519,South Carolina,1990_Marriage,15.9
193,South Carolina,2008_Divorce,2.8
346,South Carolina,2005_Divorce,2.9
856,South Carolina,2010_Marriage,7.4
1009,South Carolina,2007_Marriage,7.9
907,South Carolina,2009_Marriage,7.3
1315,South Carolina,2001_Marriage,9.9
1264,South Carolina,2002_Marriage,9.3
142,South Carolina,2009_Divorce,3.0
397,South Carolina,2004_Divorce,3.2
1366,South Carolina,2000_Marriage,10.6
958,South Carolina,2008_Marriage,7.3
499,South Carolina,2002_Divorce,3.4
1213,South Carolina,2003_Marriage,9.0
1468,South Carolina,1995_Marriage,11.9
244,South Carolina,2007_Divorce,3.0
1417,South Carolina,1999_Marriage,10.2
703,South Carolina,1995_Divorce,3.9
754,South Carolina,1990_Divorce,4.5
550,South Carolina,2001_Divorce,3.6
295,South Carolina,2006_Divorce,2.9
1111,South Carolina,2005_Marriage,8.3
40,South Carolina,2011_Divorce,3.2
1162,South Carolina,2004_Marriage,8.2
601,South Carolina,2000_Divorce,3.8
1060,South Carolina,2006_Marriage,7.8
652,South Carolina,1999_Divorce,3.8
704,South Dakota,1995_Divorce,3.9
41,South Dakota,2011_Divorce,3.3
245,South Dakota,2007_Divorce,3.1
1469,South Dakota,1995_Marriage,9.9
1316,South Dakota,2001_Marriage,8.9
1214,South Dakota,2003_Marriage,8.4
1520,South Dakota,1990_Marriage,11.1
653,South Dakota,1999_Divorce,3.7
1265,South Dakota,2002_Marriage,8.8
398,South Dakota,2004_Divorce,3.1
143,South Dakota,2009_Divorce,3.3
1163,South Dakota,2004_Marriage,8.4
602,South Dakota,2000_Divorce,3.5
908,South Dakota,2009_Marriage,7.3
1112,South Dakota,2005_Marriage,8.4
1010,South Dakota,2007_Marriage,7.8
959,South Dakota,2008_Marriage,7.7
1418,South Dakota,1999_Marriage,9.1
449,South Dakota,2003_Divorce,3.0
755,South Dakota,1990_Divorce,3.7
806,South Dakota,2011_Marriage,7.5
92,South Dakota,2010_Divorce,3.4
1367,South Dakota,2000_Marriage,9.4
551,South Dakota,2001_Divorce,3.3
194,South Dakota,2008_Divorce,3.1
347,South Dakota,2005_Divorce,2.8
296,South Dakota,2006_Divorce,3.2
500,South Dakota,2002_Divorce,3.3
857,South Dakota,2010_Marriage,7.3
1061,South Dakota,2006_Marriage,8.0
756,Tennessee,1990_Divorce,6.5
144,Tennessee,2009_Divorce,3.9
603,Tennessee,2000_Divorce,5.9
93,Tennessee,2010_Divorce,4.2
501,Tennessee,2002_Divorce,5.1
399,Tennessee,2004_Divorce,4.9
450,Tennessee,2003_Divorce,5.0
654,Tennessee,1999_Divorce,5.8
1470,Tennessee,1995_Marriage,15.5
807,Tennessee,2011_Marriage,9.0
1317,Tennessee,2001_Marriage,13.5
1419,Tennessee,1999_Marriage,14.7
552,Tennessee,2001_Divorce,5.2
705,Tennessee,1995_Divorce,6.2
858,Tennessee,2010_Marriage,8.8
42,Tennessee,2011_Divorce,4.3
1368,Tennessee,2000_Marriage,15.5
909,Tennessee,2009_Marriage,8.4
246,Tennessee,2007_Divorce,4.3
1164,Tennessee,2004_Marriage,11.4
1113,Tennessee,2005_Marriage,10.9
1011,Tennessee,2007_Marriage,10.1
1521,Tennessee,1990_Marriage,13.9
195,Tennessee,2008_Divorce,4.2
960,Tennessee,2008_Marriage,9.4
348,Tennessee,2005_Divorce,4.6
1215,Tennessee,2003_Marriage,11.9
1266,Tennessee,2002_Marriage,13.1
1062,Tennessee,2006_Marriage,10.6
297,Tennessee,2006_Divorce,4.6
349,Texas,2005_Divorce,3.3
961,Texas,2008_Marriage,7.3
1318,Texas,2001_Marriage,9.1
43,Texas,2011_Divorce,3.2
298,Texas,2006_Divorce,3.4
1012,Texas,2007_Marriage,7.4
757,Texas,1990_Divorce,5.5
1522,Texas,1990_Marriage,10.5
1114,Texas,2005_Marriage,7.8
859,Texas,2010_Marriage,7.1
502,Texas,2002_Divorce,3.9
1063,Texas,2006_Marriage,7.6
451,Texas,2003_Divorce,3.8
1216,Texas,2003_Marriage,8.1
94,Texas,2010_Divorce,3.3
808,Texas,2011_Marriage,7.1
196,Texas,2008_Divorce,3.3
1420,Texas,1999_Marriage,9.1
910,Texas,2009_Marriage,7.1
553,Texas,2001_Divorce,4.0
1369,Texas,2000_Marriage,9.4
400,Texas,2004_Divorce,3.6
706,Texas,1995_Divorce,5.2
145,Texas,2009_Divorce,3.3
604,Texas,2000_Divorce,4.0
247,Texas,2007_Divorce,3.3
1165,Texas,2004_Marriage,8.0
1267,Texas,2002_Marriage,8.4
1471,Texas,1995_Marriage,9.9
655,Texas,1999_Divorce,3.8
758,Utah,1990_Divorce,5.1
860,Utah,2010_Marriage,8.5
1064,Utah,2006_Marriage,9.2
503,Utah,2002_Divorce,4.1
146,Utah,2009_Divorce,3.7
452,Utah,2003_Divorce,4.0
248,Utah,2007_Divorce,3.7
1217,Utah,2003_Marriage,10.2
605,Utah,2000_Divorce,4.3
95,Utah,2010_Divorce,3.7
809,Utah,2011_Marriage,8.6
962,Utah,2008_Marriage,9.0
197,Utah,2008_Divorce,3.8
1166,Utah,2004_Marriage,9.9
1268,Utah,2002_Marriage,10.4
1115,Utah,2005_Marriage,9.8
656,Utah,1999_Divorce,4.0
1319,Utah,2001_Marriage,10.2
1013,Utah,2007_Marriage,9.6
554,Utah,2001_Divorce,4.2
1370,Utah,2000_Marriage,10.8
1472,Utah,1995_Marriage,10.7
299,Utah,2006_Divorce,3.9
1523,Utah,1990_Marriage,11.2
44,Utah,2011_Divorce,3.7
1421,Utah,1999_Marriage,9.6
707,Utah,1995_Divorce,4.4
350,Utah,2005_Divorce,4.1
401,Utah,2004_Divorce,4.1
911,Utah,2009_Marriage,8.4
1524,Vermont,1990_Marriage,10.9
606,Vermont,2000_Divorce,4.1
708,Vermont,1995_Divorce,4.7
555,Vermont,2001_Divorce,4.3
1371,Vermont,2000_Marriage,10.0
96,Vermont,2010_Divorce,3.8
657,Vermont,1999_Divorce,4.4
45,Vermont,2011_Divorce,3.6
300,Vermont,2006_Divorce,3.8
1422,Vermont,1999_Marriage,10.0
504,Vermont,2002_Divorce,4.2
759,Vermont,1990_Divorce,4.5
1473,Vermont,1995_Marriage,10.3
1116,Vermont,2005_Marriage,8.9
1065,Vermont,2006_Marriage,8.6
1167,Vermont,2004_Marriage,9.4
249,Vermont,2007_Divorce,3.6
1218,Vermont,2003_Marriage,9.7
861,Vermont,2010_Marriage,9.3
1269,Vermont,2002_Marriage,9.8
453,Vermont,2003_Divorce,4.0
1014,Vermont,2007_Marriage,8.5
402,Vermont,2004_Divorce,3.9
351,Vermont,2005_Divorce,3.6
963,Vermont,2008_Marriage,7.9
147,Vermont,2009_Divorce,3.5
1320,Vermont,2001_Marriage,9.8
198,Vermont,2008_Divorce,3.6
810,Vermont,2011_Marriage,8.3
912,Vermont,2009_Marriage,8.7
964,Virginia,2008_Marriage,7.2
1015,Virginia,2007_Marriage,7.5
913,Virginia,2009_Marriage,6.9
658,Virginia,1999_Divorce,4.4
760,Virginia,1990_Divorce,4.4
709,Virginia,1995_Divorce,4.3
862,Virginia,2010_Marriage,6.8
1474,Virginia,1995_Marriage,10.2
46,Virginia,2011_Divorce,3.8
403,Virginia,2004_Divorce,3.9
1117,Virginia,2005_Marriage,8.2
1270,Virginia,2002_Marriage,8.6
1423,Virginia,1999_Marriage,9.2
1168,Virginia,2004_Marriage,8.3
301,Virginia,2006_Divorce,4.0
556,Virginia,2001_Divorce,4.2
1066,Virginia,2006_Marriage,7.8
352,Virginia,2005_Divorce,4.0
1321,Virginia,2001_Marriage,8.8
811,Virginia,2011_Marriage,6.8
199,Virginia,2008_Divorce,3.8
148,Virginia,2009_Divorce,3.7
1372,Virginia,2000_Marriage,8.8
97,Virginia,2010_Divorce,3.8
454,Virginia,2003_Divorce,4.0
1525,Virginia,1990_Marriage,11.4
607,Virginia,2000_Divorce,4.3
1219,Virginia,2003_Marriage,8.4
505,Virginia,2002_Divorce,4.2
250,Virginia,2007_Divorce,3.8
1169,Washington,2004_Marriage,6.5
98,Washington,2010_Divorce,4.2
353,Washington,2005_Divorce,4.3
659,Washington,1999_Divorce,5.0
506,Washington,2002_Divorce,4.6
200,Washington,2008_Divorce,3.9
557,Washington,2001_Divorce,4.5
47,Washington,2011_Divorce,4.1
608,Washington,2000_Divorce,4.6
1118,Washington,2005_Marriage,6.5
1373,Washington,2000_Marriage,6.9
965,Washington,2008_Marriage,6.3
1322,Washington,2001_Marriage,7.0
710,Washington,1995_Divorce,5.4
1424,Washington,1999_Marriage,7.2
1271,Washington,2002_Marriage,6.5
1016,Washington,2007_Marriage,6.4
1526,Washington,1990_Marriage,9.5
149,Washington,2009_Divorce,3.9
761,Washington,1990_Divorce,5.9
455,Washington,2003_Divorce,4.4
812,Washington,2011_Marriage,6.1
863,Washington,2010_Marriage,6.0
1220,Washington,2003_Marriage,6.5
914,Washington,2009_Marriage,6.0
1067,Washington,2006_Marriage,6.5
1475,Washington,1995_Marriage,7.7
251,Washington,2007_Divorce,4.0
404,Washington,2004_Divorce,4.3
302,Washington,2006_Divorce,4.1
660,West Virginia,1999_Divorce,4.9
252,West Virginia,2007_Divorce,5.1
1119,West Virginia,2005_Marriage,7.4
150,West Virginia,2009_Divorce,5.1
609,West Virginia,2000_Divorce,5.1
1170,West Virginia,2004_Marriage,7.5
1476,West Virginia,1995_Marriage,6.1
915,West Virginia,2009_Marriage,6.7
405,West Virginia,2004_Divorce,5.0
558,West Virginia,2001_Divorce,5.2
1272,West Virginia,2002_Marriage,8.1
201,West Virginia,2008_Divorce,4.8
1068,West Virginia,2006_Marriage,7.3
762,West Virginia,1990_Divorce,5.3
966,West Virginia,2008_Marriage,7.1
456,West Virginia,2003_Divorce,5.2
864,West Virginia,2010_Marriage,6.7
303,West Virginia,2006_Divorce,5.0
1425,West Virginia,1999_Marriage,7.5
1221,West Virginia,2003_Marriage,7.5
354,West Virginia,2005_Divorce,5.1
1017,West Virginia,2007_Marriage,7.3
1323,West Virginia,2001_Marriage,7.9
507,West Virginia,2002_Divorce,5.2
99,West Virginia,2010_Divorce,5.1
1374,West Virginia,2000_Marriage,8.7
711,West Virginia,1995_Divorce,5.2
1527,West Virginia,1990_Marriage,7.2
48,West Virginia,2011_Divorce,5.2
813,West Virginia,2011_Marriage,7.2
1018,Wisconsin,2007_Marriage,5.7
1375,Wisconsin,2000_Marriage,6.7
202,Wisconsin,2008_Divorce,3.0
814,Wisconsin,2011_Marriage,5.3
457,Wisconsin,2003_Divorce,3.1
1273,Wisconsin,2002_Marriage,6.3
1222,Wisconsin,2003_Marriage,6.2
151,Wisconsin,2009_Divorce,2.9
253,Wisconsin,2007_Divorce,2.9
100,Wisconsin,2010_Divorce,3.0
916,Wisconsin,2009_Marriage,5.3
1528,Wisconsin,1990_Marriage,7.9
967,Wisconsin,2008_Marriage,5.6
355,Wisconsin,2005_Divorce,2.9
1120,Wisconsin,2005_Marriage,6.1
49,Wisconsin,2011_Divorce,2.9
406,Wisconsin,2004_Divorce,3.0
712,Wisconsin,1995_Divorce,3.4
559,Wisconsin,2001_Divorce,3.2
508,Wisconsin,2002_Divorce,3.2
1171,Wisconsin,2004_Marriage,6.2
1324,Wisconsin,2001_Marriage,6.5
1426,Wisconsin,1999_Marriage,6.7
865,Wisconsin,2010_Marriage,5.3
304,Wisconsin,2006_Divorce,3.0
1069,Wisconsin,2006_Marriage,6.0
1477,Wisconsin,1995_Marriage,7.0
763,Wisconsin,1990_Divorce,3.6
661,Wisconsin,1999_Divorce,3.2
610,Wisconsin,2000_Divorce,3.2
764,Wyoming,1990_Divorce,6.6
1427,Wyoming,1999_Marriage,9.9
50,Wyoming,2011_Divorce,4.8
101,Wyoming,2010_Divorce,5.1
152,Wyoming,2009_Divorce,5.1
203,Wyoming,2008_Divorce,4.9
254,Wyoming,2007_Divorce,4.9
305,Wyoming,2006_Divorce,5.1
356,Wyoming,2005_Divorce,5.2
407,Wyoming,2004_Divorce,5.2
458,Wyoming,2003_Divorce,5.4
509,Wyoming,2002_Divorce,5.4
560,Wyoming,2001_Divorce,5.8
611,Wyoming,2000_Divorce,5.8
1478,Wyoming,1995_Marriage,10.6
662,Wyoming,1999_Divorce,5.7
815,Wyoming,2011_Marriage,7.8
866,Wyoming,2010_Marriage,7.6
917,Wyoming,2009_Marriage,8.0
968,Wyoming,2008_Marriage,8.6
1019,Wyoming,2007_Marriage,9.0
1070,Wyoming,2006_Marriage,9.3
1121,Wyoming,2005_Marriage,9.3
1172,Wyoming,2004_Marriage,9.3
1223,Wyoming,2003_Marriage,9.3
1274,Wyoming,2002_Marriage,9.5
1325,Wyoming,2001_Marriage,10.0
1376,Wyoming,2000_Marriage,10.0
713,Wyoming,1995_Divorce,6.6
1529,Wyoming,1990_Marriage,10.7
